806254489421477,BOP Russia and USA
806227779424148,NUvention: Web + Media winter/spring 2015
806194086094184,CIVE 2014-2015
805798842800375,PC SPRING BREAK 15
804586659588260,Tufaan 2015 Team
804162236297369,NU Gomesis and Kanzus
803769686336624,bio/chemEXCEL
802439779802948,UNICEF Marketing & PR
802380979808828,Focus Worship Team
801574683222791,THE Augustana Archive
801540123226247,I Lost My Shit
801512853228974,Points for a Purpose DORM REPS 2014-15
801374279909498,Kellogg Globetrotters
801362269910699,KHSP Alumni and Current Scholars
800678049979121,AAIV Class of 2018
798957926817800,2014-2015 Allison NUDM Team
798351856878407,Ayers 2018 Engineering
798091880237738,SHAPE Babies 2015
797629636950629,Northwestern Community Ensemble 2014-2015
797478720299054,Chicago Cats Basketball Club
797402330306693,RHA Social Chairs
797047573675502,All About That Bass
796966107016982,CCARES: Chicago Cardiac Arrest Resuscitation Education Service
796810377032555,NU Club Field Hockey
795656430481283,Junior FG!
795586583821601,UNICEF NU
795259490520977,CI analysis
794877587225834,Films to watch
794570560589870,NUDM Food 2015
794259720620954,Engineering Analysis 2018 Study Group
794051130641813,NUOC
793736000673326,Jones DM 2015
793728984007361,Shepard Dance Marathon Team 2015!!!!
793674697346123,Northwestern Men's Crew 2014-2015
792942027419390,NU World Cup Sponsorship Committee 2014-15
792931390753787,LOC 211 CHIPOTLE
792463644133895,Charlie's Angels
792417110805215,PARC Dance Marathon Team
792001030846823,Fantasy basketball nw
791960437517549,Microsoft Student Partner Group at NU
791394834240776,NCDC Campus Conversations
791124380934488,Spoon Marketing!
790950634285196,Flux Dance Project
790654564314803,NU Threads Exec
790602320986694,ASB Fellas 2015
790601954320064,MEDLIFE Family 2014-2015
790466397666953,Chem 171 Study Group
790198717693721,Tuba Quartet!
790154174364842,SASA Freshmen 2014-2015
789795537734039,Zooz Fellows 2014-2015
789790721067854,NSTV Marketing!
789606961086230,ISBE Tech
789492471097679,Dancer Relations 2015
788654347848158,DZ DX DM 2015
788651881181738,Shepalum monthly bar night
788322647881328,Manya's Squad
787479821298944,Northwestern University's Women of Color Initiative
787470034633256,NUMUN Crisis Staff
787456634634596,Willard IR Study Group
787354787978114,NCR 2015!!!
787059478007645,BOP USA and BOP Russia
787029648010628,AAIV Willard Family Group
786986794681580,Case Challenge Prep 2014
786508508062742,Investment Management Group
786499068063686,722 Clark Apartments
786454988068094,STITCH Fundraising
786451918068401,Econ 323-2
785861724794087,NUVO
785767444803515,IR Commitee
785426371504289,Allison IM Volleyball Team
785424748171118,Allison IM Volleyball Team
785329108180682,Second Floor 1835 Hinman
784908301556096,Jones D&D
784846561562270,Northwestern HKSA Exec
784285138285079,Espanol 121
784111258302467,Brown Sugar: past and present
783666231680303,Astronomy
783215781725348,Action Poop
783088835071376,Wooshack Chem 171 Study Group
783025001744426,BC Football
782788325101427,Elder Fourth Floor
782676985112561,IO
782508355129424,Northwestern Boxing 2014-2015 A-TEAM
782131975167062,SPAC Lifeguards 2014-15
781966548516938,PARC IM Sports
781922608521332,Northwestern University Rho Lambda
781820658531527,EECS 213 Study Group
781381968575396,Chapin Sports Committee
780595455320714,MSA Family IM Football
780547035325556,2016 NU TFI Counseling Cohort (Student Group)
780546181992308,2016 NU TFI Counseling Cohort (Student Group)
780546048658988,2016 NU/TFI Counseling Cohort (Student Group)
780544228659170,2016 NU/TFI Counseling Cohort (Student Group)
780543965325863,2016 NU MA TFI Counseling Cohort
780543928659200,2016 NU MA TFI Counseling Cohort
780543418659251,2016 NU MA TFI Counseling Cohort
780543308659262,2016 NU TFI MA Counseling Cohort (Student Group) - The REAL Deal
780063525373907,Bobb Squad Flag Football Team
779736528739940,Chemistry 171
779355408778052,McBobb IM Voleyball
779269742119952,SD Fall 2014
779121432134783,Chemical Engineering Class of 2017
779051768808416,SD Fall 2014
779023172144609,DTC Group
779013135478946,한국어 215
778703082176618,NU Alums in LA
778696165510643,Italiano 201
778685735511686,MSSA Volunteer and Outreach
778678652179061,Northwestern Boxing 2014-2015
778091602237766,Hindi III
777795022267424,KDwelling 2014-2015
777785465601713,Allison Social Psych Class Fall 2014
777759648937628,Turbo Finance Group 8
777614145618845,NUWCS 2014-2015 <3
777595015620758,Studio 20Q Grant Recipients
777593598954233,Studio 20Q Grant Recipients
777593248954268,Studio 20Q Grant Recipients
777534482293478,Studio 20Q Grant Recipients 1
777534365626823,Studio 20Q Grant Recipients
777533615626898,Studio 20Q Grant Recipients
777533528960240,Studio 20Q Grant Recipients
777533248960268,Studio 20Q Grant Recipients
777366882310238,Math 291
777350798978513,NCBI 2014-2015!!!
777330932313833,DTC Group Project
777286035651656,NU Intermediate Hebrew 2014-15
777212005659059,NU Climbing
777203488993244,Game theory 380
777181525662107,Tour Guides 14-15!
776895972357329,DTC
776856622361264,Elder DTC Group 1
776850252361901,Dual Degree Bienen & McCormack
776766122370314,HCSC Practicum
776518335728426,Jones Penthouse
776467729066820,Northwestern Undergraduate Linguistics Association
776153915764868,PLEX AAIV 2014-2015
776098572437069,Goodrich House 2014-2015
775948375785422,BM 4th Floor
775937445786515,K-Sound DJs
775924132454513,Bobb 3rd Floor
775878885792371,Gen Eng
775669545813305,"Hinman 3rd floor, 2014-2015!"
775208425859417,1856 Orrington 2014-15
774625879251005,Sigma Nu Community Service
774527732594153,Electrical Engineering
774358105944449,NU Exchange 2014Fall
774252915954968,Shepard 4th Floor 2014-2015
774174285962831,The Internet is Imagined
774172679296325,The Theorists of Queer
774096609303932,"""How to Start a Startup"" Northwestern Viewing Group"
773928085987451,2250 Sherman
773910252655901,McCulloch Virgin Vault 2014-2015
773884422658484,NU Nursing
773577866022473,KANU 농구 14-15
773465469367046,Vocal Performance
773322256048034,Musicology
773274639386129,E3 2014/5
773027002744226,ELDER FIRST FLOOR
772982219415371,#57
772823692764557,Woo the First
772823172764609,Hinman Floor 5
772817099431883,CEEGA - Civil and Environmental Engineering Graduate Association
772778809435712,G-Phi In-Housers 2014-2015
772777522769174,Hinman Floor 4 (2014-2015)
772776936102566,Hinman 4rth Floor 2014-2015
772724842774442,Allison 2nd Floor
772469309466662,Allison 3rd Floor 2014-15
771937806186479,Marketing
771702639543329,#3Lder <3
771487996231460,RSG 2014 Alumni Inc.
770542549659338,Wildside Sponsorship Team 2014-2015
769721473074779,TFJ 2014-15
768410929872500,BOBBcats 2nd Floor
768347813212145,NBN Editors
767622443284682,Texas Hold'em
766970230016570,Faculty in Residence - Elder Hall
766247686755491,Robotics 2014-2015
765231050190488,PA Group 2014
765230913523835,PA Group 2014
765230866857173,PA Group 2014
763871636993096,NU Fantasy Football
763307290382864,PA Group!!
763127353734191,PA Group 2014
760012587379001,#ALWAYSFlawless PA Group 2014-2015
759625474084379,Super Troopers <3
759470730766520,The PA Group
759463594100567,BM2 RAs 2014-2015!!
759159300797663,NU Grads of Utah
759156204131306,SAW 2014
759091520804441,CMags' PA group
758789960834597,Jogging
758671737513086,M1 Futbol
756834034363523,PA Group 106!!!!
756546087725651,PA GROUP!
756345004412426,Wine Wednesdays
755306807849579,Rachel's PA Group 2014
754928627887397,Josh Xu Fan Club
753928441320749,#Values Fantasy League 2014
753824264664500,Evan's PA Group of Undeniably Awesome People
752459954800931,Northwestern Fiji
752419611471632,Kaplan Scholars 2013-14
749849468395313,PARC (Public Affairs Residential College) 2014-2015
749248918455368,Allison
749068725140054,SHARC Staff 2014-2015
747207478659512,"Theater, Speech"
747183551995238,Beach-a-Palooza 2014
746811135365813,Helicon Staff 2014-15
746779905368936,MEDLIFE Exec 2014-15
746659968714263,NUST Summer 14
746040785442848,The One A-Team
745665352147058,PA GROUP 2018 <3
745123415534585,Rogers House 2014-2015
745099708870289,Forest Readin'
743871382326455,ColoRADical Wildcats
743520989028161,NU in LA summer 2014
743473992366194,Improv
743362659043994,Sargent Hall 2014-2015
742582652455328,MS Biotechnology Class of 2016
742509162462677,NYC MEETUP
742423482471245,Bobb-McCulloch Class of 2018
742420355804891,Lauren's Peer Advisee MEGA GROUP!
742035125843414,Room mate and Sublease
741188092594784,Group 38DD!
740661539314106,WASH RA Staff 2014-2015
740247639355496,Integrated Science Program Class of 2018 (EC '14)
740193339360926,(North)west Side Story aka Our PA Group!
735339236513003,Sheil Summer 2014
732622440118016,Slivka Residential College 2014-2015
732526623460931,Shepard Residential College 2014-2015
732515890128671,CCS 2018
732502196796707,Willard 2014-2015
730886773624916,BioExcel/ChemExcel 2014
730632443650349,2014 Summer Conference Assistants
730292743684319,Northwestern PWild 2014
730139030366357,Northwestern University Transfer Students 2014-2015!
729555187091408,Summer fun in Chicago
728836840496576,Jones Residential College 2014-2015
728648230515437,GPhi Study Abroad: NYC
728180247228902,Water Catz
727252120655048,SAI Summer 2014
726754257371501,Summer 2014 in Evanston
726408564072737,NIGERIANS AT NORTHWESTERN
726381197408807,Sam and Scott's Fluffy Love Palace ft. Tamzia (sometimes)
726275934086000,Ayers CCI 2014-2015
726156780764582,New York Summer 2014
725818094131784,Summer Social Scene
725467414166852,ISRC (International Studies Residential College) 2014-2015
725385604175033,APhi Summer 2014
723485264365067,Xi in NYC - Summer 14
723439567702970,Hevanston Summer 2014
722396094473984,IVCF Summer 2014
722061574507436,Toastmasters
721854461194814,mAy&O in NYC: The Next Generation
721274131252847,MSiA Chicago
721031194610474,KD Takes the Tri-State Area!
720726027974324,Summer Squash
720140471366213,Tongzhimen
719913898055537,Northwestern Parkers
718834504830143,306 Sale
718398064873787,NU Robotics Club
718352001545060,GreekBuild 2014-15
718343508212576,IBiS Incoming Students 2014
718241878222739,CRC 2014-15
717264088320518,NUMUN Meiji
717207091659551,Sciences Po Exchange 2014
716328078414119,Materails science
715806651799595,DFA Summer Studs 2014
715234425190151,International Student Orientation (ISO) 2014
715056245207969,AAIV - summer 2014!
714803018566625,Veracity Staff
714771195236474,Gphis on the Hill
714334568613470,Arab Student Organization
714298961950364,Engineers Without Borders - Public Relations Committee
714123565301237,윤디윤선네 무브아웃세일
713602618686665,Northwestern University Fitness and Aesthetics Club [NUFAC]
713312385382355,Evanston BΓΦads
712933528753574,ISRC 2010-2011
712168932163367,NU'14 Moving To The Bay!!!!
711954785518115,Northwestern Entrepreneurs
711561872224073,Dawnte's Inferno (Dawn Mora's 2017 Acting Class)
710839065629687,Integrated Marketing Communications
710478995665694,Lambda Chi O DM 2015
710405855673008,Maysing
709678732412387,ASG Senate 2014
709666652413595,Business Administration
708353055878288,TAMID at Northwestern
708309122549348,Chapin Res College 2014-2015
707854169261510,AFAM 230 Diversity & Inequality at Northwestern 12 PM Section
707465565967037,Maysing 2014: ΧΩ ΣΨΖ ΘΧ ΦΔΘ
706642942715966,DoJAS at Northwestern
706127939434133,Northwestern University Voice & Opera Class of 2018
705462352834025,DTC
704627959584131,VSA NU
704481446265449,DA ROOO
703567809690146,Greek Emerging Leaders
702817799765147,ISRC Alums
702335336480060,RHA Programming Committee
702289389817988,Remember Level 3???
701940166519577,New Member PHA 2014
700957043284556,AMADEUS FRIENDZ
700935473286713,SD Winter Quarter 2014 Doing Big Things
700911266622467,2014 Graduate Sidekicks
700382736675320,Lynn Kelso Fanclub/Storytelling Tue./Thurs.
700168883363372,Diversity and Inequality section 62
698792953500965,Diversity and Inclusion 11AM session
698713796842214,Team SURFBORT
698444673535793,Northwestern ChBE Grad Students 2014
697791926934401,Sig Nu Softball
697305973649663,KCC - Kellogg Consulting Club
697238523656408,Northwestern in D.C. Summer 2014
696934443686816,Conducting 326: Spring Quarter 2014
696050723775188,SD Spring 2014
695460043834256,Sigma Nu PR Committee
695220277191566,PROMPT Staff 2014-2015!
695139913866269,Turtle Tug Prize Committee
695134920533435,NUWC Team Brasil
695125683867692,Chem 220 Group
695092917204302,Sustained Dialogue!
694781210568806,Sustained Dialogue Spring 2014
694762350570692,Interactive Storytelling Team 4
694708410576086,AMP 202 Micro
694520320594895,Kiesling Econ 202 S2014 Class
694090960637831,Joburg
693883560658571,NU RHA General Assembly 2014
692898394090421,P.R.A.I.S.E the roof
692687650778162,Goguryeo Kingdom
692529390793988,DTC Section 20.2
692165124163748,PhiDE IM Soccer
692085397505054,BIP 260 Project Group
691686074211653,NU Students for Schneider
691574040889523,Chi Omega/Lambda Chi Relay for Life Team
691313634248897,Sustained Dialogue Spring 2014 Monday!
691293314250929,Qatar
690842430962684,Phis Overseas
688986147814979,South Africa JR Team
688774077836186,L
687781367935457,2014 Peer Advisers!!!
686180811428846,Farmers at Heart
685483348165259,Kaitlin has a tiny face club
685030484877212,Pi [Phi] Delt Relay for Life 2014!
684899171557010,2014-2015 RA Staff Team
684510031595924,NUPT Class of 2017
683310765049184,"""Word"""
682749841771943,The Tone Deafs
681707618542832,"Class of 2,006"
681403838573210,AAIV Frosh Social Planning
679595232087404,ANUP 2014
679356228777971,STITCH Exec 2014
678953122151615,Habitat Trip to Pensacola!
678256118887982,Sonia's Clique
678160052230922,Ping Pong
676832015697059,Information Technology
676514102395517,AAIV: Class of 2017
676346119078982,PA class of 2016
676344589079135,Physician Assistant
676341932412734,ISEN 숙제 나누기 그룹
675029335877327,Chinese
674992219214372,Chi Omega Paddy Murphy
674790059234588,A Tradition Unlike Any Other: Sigma Nu Engineering
674488159264778,Gamma Phi Paddy Murphy 2014
674451412601786,NU Cru: Class of 2017
674449999268594,SAE & Pi Phi Paddy Murphy Team
674430892603838,HackIL -  NU
673963639317230,APhi Paddy Murphy 2014
672862202760707,D&I Committee
672849759428618,NUGB Sites Committee 2014
672383426141918,SB2014
671879722858955,Ellevate Network Northwestern
671612709552323,Northwestern University MPPA-DL Cohort
671341126246148,Kellogg Spring Exchange 2014
670973482949579,Cross Country Ski Team
669143403132587,西北網球同好會
668744576505803,DFA Summer Studio 2014
668630833183844,$15 off your groceries and free delivery from Instacart!
668603539853240,Center for Student Involvement Student Staff
666655193381408,Bhangra Photo Dump
665885800125014,Synthesis Project- Exercise Following Stroke
665816230131971,Kemper Hall 2013-2014
665772310136363,Team Croods
664665033580424,NUCHR ISTANBUL 2014
664212450292349,Business & Org. Behavior
664030883643839,We Will Squash You
663485090365085,Nerf-Western
662689937111267,Sigma Nu Candidate Education Committee
662599363786991,Sigma Nu Candidates 2014
662540920459502,The Society of Totally Rad Earth Science Kids
662454060468188,Wolf Pack
662099193837008,2West Bobb-McCulloch
661453667234894,Spanish 330
661446250568969,Sigma Nu Gamma Beta Finance Committee
660687237311537,AComm
660143610699233,Kellogg Innovation and Design Association (IDEA)
660080424038885,Relay For Life of NU 2013-2014 Committee!
659697214077206,Spring Break Underclassmen
659627820750812,The Most Awesomest SD Group Ever
659225430791051,IEMS 392 Winter 2014
658945387485722,Energy Systems
658661300847464,Global Media and Communications Seminar 2014
658409394205988,9 AM Arabic
658380124208915,Northwestern University Eta Sigma Phi
658130554233872,201-2
657684230945171,PhiDE Social Programming
657622574284670,PhiDE Medical Programming
657551447625116,AMP - Econ 201 Berger --- Camaria
657255450988049,Smoke and Mirrors: NU Magic
656525891061005,Mid-Quads (or whoever) PSYCH Study Group
655707721142822,Kiesling Econ 202 W2014 Class
655487087831552,DFA Peasant Team
654981581215436,FUP APPLICATIONS 2014
654937437886517,Daughters of Martha Foote Crow 2014
654919671221627,Waa8
654561634590764,Alpha Phi pledge class!
654549217925339,Delta Zeta Pledge Class 2014!
653996201313974,Thurs 7 SD
653911107989150,AMP Stats
653499494696978,Sigma Nu Executive Board 2014-2015
653141741399420,Designers- Northwestern University
652953358084925,Psychology Study Group
652634621450132,NUSWAG Writers Room
652549228125338,ChemE Group
652510098129251,Hawaiian Shirt Fridays at NU
652009661512628,Queerios
651765374870390,BIP 260 Winter 2014
651748881538706,Sustained Dialogues Wed 6-730
651734928206768,McManus
651716178208643,BIP 260
651162341597360,Divergent Support Group/Tris Fan Club
650656098314651,Winter JR in NYC
647757148604546,Analytics
643325985714329,NUCT lower tactical council chamber
643325592381035,NUCT SUPER ALUM PAC
641415572572037,Masters of Product
635434656503462,TEDxNorthwesternU 2014
635420249838236,Sigma Nu HoopSquad
634191713294423,Rogers House 2013-2014
633409110039350,A-MEN
633074646739463,NU Closet Recycle
630951196951808,Kellogg High Tech Club
628953377151590,NU Pre-PT Society
628602133853381,Chi O/Sig Ep DM 2014
628084610571800,Kellogg SCUBA Club
627650467281881,AKPsi Fundraising Group 5
626933290686932,WDBA
626898094023785,2013-2014 Fifth Years
626859407360987,VagMon 2014
626175070762754,Hinman 4th Floor (the best floor)
624778997569028,Allison 4th Floor (Srishti's side!)
624422087604719,NU tones
624358840944377,ASG Exec 2013-2014
624099527636975,Mid Quads 2013-2014
624074397639488,Us 5
624072747639653,House on the Rock
623795151000746,NU Mat Sci [Fill in the Blank] Class
623563727690555,Lulu at Northwestern
623368461043415,Permeable Pavement for Ryan Field
622590797787848,Northwestern Swing Dance Syndicate
621497197897208,Super duper late because facebook finally decided to let me make one
621318567915071,NU tones
621318391248422,NU tones
621318307915097,NU tones
621318211248440,NU tones
621318177915110,NU tones
621190987927829,The Penthouse
621099927936935,Weinberg Student Advisory Board 2013-2014
620933531286908,Celebrasia Fundraising 2014
620430924670502,Northwestern Phi Alpha Delta
620427281337533,Lindgren Hall
619987361381525,ASG Senators 2013-2014
619936964719898,Delt Basketball Association
619856384727956,Women's Chorus
619675894746005,Poster
619518108095117,Hillel Social Team
619353168111611,Alice Millar Chapel Choir 2013-2014
619352324778362,Alice Millar Chapel Choir 2014-2015
619352238111704,Alice Millar Chapel Choir 2013-2014
619039484809646,Junior Achievement Northwestern Exec Board
618868784826716,Presentation
617992438247684,Quest DM Team!!
617576931622568,Sigma Nu Brotherhood Committee
617557238291204,Water Dynasty (Best Dynasty)
617506148296313,DZ LXA Dance Marathon 2014
617124868334441,Shrek the Musical
617074498339478,Program in Public Health Student Senate
616868241693437,msa
616838451696416,Tridelt & SAE DM 2014!
616776718369256,Tuesday 7pm SD
616402138406714,Sandra Marquez Acting Studio Class of 2016
616175718429356,"Class of 2,099"
615924261787835,NUDM Special Events 2014
615793271800934,NU Eco-Reps 2013-2014
614808925232702,MEDLIFE PR
614705868576341,BIP 394 Fall 2013
613203448726583,Freshmen SASA 2013
612862148760713,DELTA NU DM 2014
612850072095254,J1F FamBam
612321968814731,SD - Double D
610854055628189,Kellogg Wilderness Club
610853738961554,Kellogg Wilderness Club
610853555628239,Kellogg Wilderness Club
610853525628242,Kellogg Wilderness Club
610851155628479,Kellogg Wilderness Club
610851058961822,Kellogg Wilderness Club
610850935628501,Kellogg Wilderness Club
610850818961846,Kellogg Wilderness Club
610850748961853,Kellogg Wilderness Club
610804205633174,Project RISHI 2013-14
610463962333865,2131 Ridge
610234809023447,NU Alpha Kappa Psi 2013-2014 Pledge group
610039692376292,¡AMP STAT 2013!
609410952439166,NUMUN 2013 - 1990s NATO
608878825825712,Shepard Residential College- 1st Floor
608823952497866,Sustained Dialogue
608795565834038,Weinkove Math 291
608325209214407,da most iNCRedible DM cats
608244635889131,Catholic Scholars (and alumni scholars)
607641085949486,APEX DANCE MARATHON 2014
607076979339230,NCE 2013-2014
606670346046560,Nu ChemECar
606663502713911,Poker game
606598176053777,NNL (Northwestern Nerf League)
606598016053793,NNL (Northwestern Nerf League)
606597996053795,NNL (Northwestern Nerf League)
606597786053816,NNL (Northwestern Nerf League)
606597769387151,NNL (Northwestern Nerf League)
606597742720487,NNL (Northwestern Nerf League)
606597716053823,NNL (Northwestern Nerf League)
606597652720496,NNL (Northwestern Nerf League)
606597609387167,NNL (Northwestern Nerf League)
606597546053840,NNL (Northwestern Nerf League)
606597502720511,NNL (Northwestern Nerf League)
606597486053846,NNL (Northwestern Nerf League)
606597439387184,NNL (Northwestern Nerf League)
606486646064930,NU Photo Club
606378246075770,Childhood & Adolescence Parent Group
605901992790062,The Department of Performance Studies Presents: Fiber of Time
605785102801751,GES Family 2014
605615186152076,SuperHiros!
605184649528463,NCDC Canine Volunteer Site
605069159540012,Northwestern Men's Crew 2013-2014
604995802880681,E4
604863256227269,graduate student
604665572913704,2013 Wildside road trip to Wisconsin
604664232913838,STITCH writers 2013-2014
604145946299000,Northwestern Masters of Engineering Management
603809506332644,photography
603646183015643,Discussion Group
603646103015651,Discussion Group
603646076348987,Discussion Group
603646019682326,Discussion Group
603456383034623,Northwestern League of Legends Club
602949109752017,Shepard 2nd Floor
602936103086651,"APA, NSBE SWE:""Ahead of the Curve!"""
602883293091932,FAB 2013-2014
602845033095758,GROUP TWOOOOOOOOO
602811823099079,"Theory/Aural Skills, Round 2: WE WILL SURVIVE.  :)"
602806656432929,Italian 133/134 - Autunno 2013
602346413145620,A4AC Exec 2013-2014
602101246503470,Willard Tennis 2013-2014
602055009841427,ICE Group B 2013 (Team Panda)
601996779847250,Chemical Engineers '16
601962929850635,African Summer: GHT S. Africa 2014
601818816531713,Chem 171 Study/Lab Group
600968039950124,The First Floor Crew
600836593296602,3rd Floor Willardites 2017!
600830859963842,MCC SMALL GROUP
600359133344348,MATH 291 (2013-2014)
600315293348732,2013-2014 CAs
600311693349092,Northwestern Running Club 2013-14
600294750017453,CNF Sequence 13-14
600289110018017,Northwestern CAs 2013-2014
600097123370549,Northwestern MSiA Korean Network
600008533379408,CHEM 210
600003630046565,Spanish 125-0!
599959760050952,Advil ft. The Bird Killers
599640950082833,Sarahmaria's 301 Class
599626383417623,MBP 2015 Team 2
599625890084339,MBP 2015 team 2
599591626754432,Econ Study Group
599474003432861,Elder Hall IM Football 2013-2014
599409806772614,Psychology of Food
599092623470999,DTC 1 Elder Section Team 4
599033993476862,NSTV Exec 2013-2014
598795830167345,Northwestern University Lost and Found...and Stolen
598672980179630,NU Women's Club Soccer 2013-2014
598611786852416,Illuminate.
598598516853743,Chemistry GSW? I'm in my element
598271520219776,NUGreekBuild
597906696922925,engelhart hall
597460933634168,SMQ IN Soccer
597359123644349,2013 Sociology Graduate Cohort
596887120358216,Promotion 2 018
596850357028559,Medill IMC Online
596850323695229,Medill IMC Online
596818380365090,Finance
596555413724720,Elder Cockpit 2013-2014
596245887089006,Elder 3L
596059757107619,NUPT Class of 2015/2016 Social Committee
596059727107622,NUPT Class of 2015/2016 Social Committee
596059710440957,NUPT Class of 2015/2016 Social Committee
596059687107626,NUPT Class of 2015/2016 Social Committee
596059663774295,NUPT Class of 2015/2016 Social Committee
596059607107634,NUPT Class of 2015/2016 Social Committee
596059573774304,NUPT Class of 2015/2016 Social Committee
595813113798950,The Breaking Bada$$es!
595813003798961,The Breaking Bada$$es!
595812877132307,The Breaking Badasses!
595812813798980,The Breaking Badasses!
595739287139666,Northwestern Commuters
595728917140703,2015 MFA Writing for the Stage and Screen
595728893807372,2015 MFA Writing for the Stage and Screen
595728230474105,MFA Writing for the Screen and Stage '15
595728173807444,MFA Writing for the Screen and Stage '15
595728107140784,MFA Writing for the Screen and Stage '15
595363250510603,Best Elder Floor EVER (2-L)
595353163844945,"Get off your ass, Xi '13"
595314357182159,Man of La Mancha Pit Orchestra
595121080534820,4th Floor Jones 2013-14
593831620663766,Man of la Mancha!
593332500713678,Phi Delta Epsilon Fall 2013 Recruitment!!!!
593105067403088,Awesome Freshmen
592534814126780,Northwestern Tailgate Spirit Jerseys!
591566924223569,Best PA Group Ever!!!
591566894223572,Best PA Group Ever!!!
591494127564182,Goodrich House 2013-14
590280001018928,J1F staff (aka J1FFY LUBE)
588596174520644,NU Fantasy League
588472541199674,Lindgren Hall
588169677896627,KANU 농구 13-14
587594271287501,Nick's PA Group(iez)
587106491336279,KANU Market
587091041337824,EX Fantasy Football 2013
586612741385654,NU Arkansas
586447391402189,NU Musicians
586444234735838,Applied Physics
586067948106800,Kaplan Scholars 2013
585953578118237,Lynne Kiesling's F2013 Freshman Seminar & Advising
585156491531279,The Kids Are All Right
585156431531285,The Kids Are All Right
585115578202037,Sowa's PA Group!
584812078232387,Connie's PA Group!
583872614993000,NU AAIV Move-In Crew
583859801660948,PA Group 2013-2014
583768691670059,Spring Break Puerto Vallarta 2014
583680541678874,PA Group Love
583629171684011,"""Chillest Fuckin League Ever"" Facebook Group"
582778218435773,Ultimate (and/or chill) Feinberg Frisbee
582553145124947,NUQ Summer Media Program: News Reporting and Media Literacy
582385585141703,"Northwestern New-""ish"" MatSci Grad Students 2013"
582371241809804,Ali College
582341288479466,Strategy Gamers
582113381835590,Elder FF 2013 #2
581824065197855,2013-2014 Elder Hall Fantasy Football (Max's League)
580445258669069,Experimenting with Economics
580126632034265,THE GREATEST PA GROUP IN THE WORLD <3
579712268742368,Rachel's PA GROUP 2013
579710518742543,Diana's rockin PA group
579446935435568,Niteskool
578471195533142,Elder Residential Community
578217375558524,Shelton ITLP Interns '13
578217315558530,Shelton ITLP Interns '13
577676705612591,The Iron Ducklings
577375615642700,Music Performance
577086732338255,KMLA - Northwestern
577086705671591,KMLA - Northwestern
577086615671600,KMLA - Northwestern
577086602338268,KMLA - Northwestern
577086579004937,KMLA - Northwestern
575818152465113,NUSAF New Blood
575376929175902,ESW Summer Fellowship 2013
575240002522928,Tisha's Transfer PA Group!
574969895883272,Northwestern Fantasy Football 2013-14 Semi
574158292631099,NU PA Group
574077005972561,The Sweet Life at NU
573450772701851,Kellogg Running Club
572493412797587,Alyssa's Pa Group!
570899366290325,Worcester House
570599559653639,Kedric's Most Excellent PA Group
570362743010654,SAW 2013
569480016432260,Family Ambassadors!
568640799849515,Andrew's Group of Eloquent and Awe-Inspiring Persons
568047989908796,PARC (Public Affairs Residential College)
567849736595288,2014 Midwest Conference for Undergraduate Women in Physics
567555789958016,PARC 2013-2014
567377916642470,PA Group 2013-2014
567313473315581,Color Run - NU Class of 2017
566851180028477,WHERE THE WILDCATS ARE (Jim & Piku's PA Group)
566756136704648,Peru SA 2013
564983153548613,Where you at? Class of 2013
564593210254274,Central Park Cricket Sundays
564508583596070,NUPT Class of 2016
564466916933570,Taglit-Birthright Israel Bus 1101!
564449020268693,North Mid-Quads 2017
564364323610496,Sargent Hall 2013 - 2014
564090313637897,Allison Hall 2013-2014
564084520305143,1835 Hinman 2013-2014
564076510305944,Bobb-McCulloch Hall 2013-2014
563964186983843,Elder Hall 2013-2014
563360193710909,Jones Residential College 2013-2014
562907113756217,Northwestern Football Tailgates
562828147097447,Old ISRC 2013-2014
562132457167016,2013 NU Bay Area Interns
561610227219239,Chapin Res College 2013-2014
561610030552592,Shepard Residential College 2013-2014
561607343886194,CRC (East Fairchild) 2013-2014
561514177228844,FREE WILLIES MINGLE AND UNITE
561486837231578,Jones Residential College Class of 2017
561461737234088,AAIV -  SUMMER 2013
561105317269730,Northwestern PWild 2013
561070550606540,Northwestern Dota 2 Group
560893633957565,Artificial Intelligence
560700683976860,NU in Korea 2013 Summahh
560190534027875,Northwestern EXCEL Program (COUNSELORS EDITION)
560136127366649,Dance Program
560017610711834,Excel 2013
557925677587694,BioEXCEL 2013
556886107691651,Willard 2013-2014
556268781086717,A Phi Summer in Evanston
556249427755319,Cross Country
555809094466019,SUMMER 2013 TOUR GUIDES
555708744476054,Chi Omega Xi Chapter Abroad
555697714477157,DC Practicum 2013!
555002141213381,All Shook Up
553699474676981,MS Biotechnology Program. Class of 2015
552971951416400,First Night @ Sheil 2013 Volunteers
552965341417061,NU Greek IV Summer Shenanigans
552965324750396,NU Greek IV Summer Shenanigans
552965278083734,NU Greek IV Summer Shenanigans
552965251417070,NU Greek IV Summer Shenanigans
551750191538576,Northwestern Class of 2014
551554161558179,CRC Alums 2013-2014
551554074891521,Official CRC Alums 2013-2014
551345891579006,UCM Summer 2013
551027928277469,무브아웃세일 by 타라 99.9%off
550487484998180,Match Corps: Chicago Teaching Fellows
550365328343729,McCormick School of Engineering and Applied Sciences Class of 2017
550042345042694,FC Chicago
550042138376048,Chi town Fútballers
550042095042719,Chi town Fútballers
549582518422010,International Student Orientation (ISO) 2013
549467401766855,Music Theory
549080001805595,Italian
548946968485565,BLAST in Chicago
548847658495496,RCB VPs 2013-2014
548677525179176,OPS 430
547717485275180,Board Game Nights at The Meeple Grove
547635151950080,Awake: Social Commentary/Contemporary Music A Capella Group
547576895289239,THAILAND
547110848669177,Snuggly Family
546867248693537,CASB 2013
546294332084162,Class of 2018
544534172260178,NU Mixed Race Students
543971582316437,Good Ol
543303122383283,Barcelona Summer Study Abroad
540976769282585,LL M
540967875950141,"Wednesday Greek Emerging Leaders, Spring 2013"
540427466004182,Sophie & Alex's Greek Emerging Leaders Spring 2013
540423832671212,Xi in NYC - Summer '13
539864492727146,Pi Phi Evanston Summer 2013
539715116075417,Baraboo 2013 #neverforget
539689232744672,"Class of 2,010"
538578099522452,SESP Class of 2013
537892069591055,graduate school
537867696260159,MEDLIFE Exec Board 2013-14
537867599593502,MEDLIFE Exec Board 2013-14
537529006294028,Undeclared
537490386297890,NU Undergraduate Premedical Society
537194746327454,"Class of 2,016"
536723673041228,"Class of 2,011"
536671109713151,BSI and Arabic
535280166518912,Nonrural Roo
534838979896364,uLtIMatES
534814889898773,LOC 306 Group
534438216603107,"Class of 2,013"
534425813271014,Northwestern Women's Club Squash
534340496612879,BIP 260
534087749971487,Ladies In Red SAI
534059003307695,Spring 2013 Bigs <3
533990343314561,NUbian: Where Northwestern Women Flourish
533542346692694,Summer Studs 2013!
532938930086369,∑N Scholarship Committee
532912616755667,SHARC Swing Dancing
532790976767831,Easier-than-a-book club
532062333507362,MMSS
531943220185940,Dapper Longform
531941916852737,Dapper Cult
531941440186118,Dapper Life
531082316938697,Dapper Freshness
530328147014114,ZBT Studies Abroad
530233597023569,SUMMERTIME
529868100393452,DM Exec 2014
529856323727963,Sustained Dialogue - Wednesday 7-8:30
529289700451292,Let's Talk About It!
529265987120330,Wildcats in the Bay Area
529259997120929,WRESTLEPOCALYPSE VII
529254683788127,NU in NYC
529073967139532,Honors EA 2013
528911693822426,Veep Group
528900343823561,Fire Nation!
528878167159112,Northwestern StoryCorps
528715177175411,Brothahood
528510740529188,NUSWAG
528409293872666,Dance
527768837270045,"Class of 2,015"
527366093976986,SUSTAINED DIALOGUE NU!!!
527318610648401,Red Door
527078130672449,Team Rocket POWER
526624480717814,Los Oboeriños
526592127387716,BIP 260 Group
526316997415229,Sig Nu Engineers '16
526142950765967,Stat 342
525934644120131,Boards of Willard (Not Canada)
525912274122368,WOO CENTRAL BOARD
525833494130246,Pick Up Basketball
525376474175948,Learning Sciences
525259144187681,FOCUS Greek
525208960859366,Journalism
525156557531273,SESP Certificate of Civic Engagement 2013
525042127542716,RCB FULL BOARD LOCKED AND LOADED
524832940896968,DTC Spring Team 19-3
524503870929875,Kappa Delta & AEPi Relay 2013
524150247631904,Methods- World of Theater
523989917647937,Shep Exec 13-14
523840587662870,엔유 프로젝트
523703901009872,Bio group
523690644344531,Team Swerve
523658381014424,Spanish 207
523586724354923,Weird Beliefs - Spring 2013
523376927709236,BIO BUDDIES
523376351042627,Spring MPPA 403DL
523202024393393,Bio 215 Group 31
522211364492459,DTC Spring 2013
522209271159335,二一五
522159867830942,compression pockets
522098291170433,Delta Zeta Running Club!
521416737905255,Spring Tennis
521359571244305,Tough Mudder Training
521068284606767,NU freshman BITCHEZZ!
521068251273437,NU freshman BITCHEZZ!
520949244618671,Northwestern University Wall Street Trek
520815454632050,Bioethics
520730801307182,SoC International Media Seminar 2013
520550537991875,Theatre Majors 2017
520235444690051,NU BME Class of 2013 Photos!
520105064703089,RTVF in CA!
519829231397339,Economics 201
516811035032492,Witte's Econ 201 Spring 2013
515722111808051,AMA Feinberg Chapter
513432515370344,Gender Politics
512821285431467,Alpha Phi Paddy Murphy Team
512773712102891,KASA Ballers
511808305532765,Northwestern University Class of 1976
511379772242285,Northwestern Delta Chi Pi Class
510758318971097,Jones
509383705775225,Greek Eco-Reps
509116932468569,Interfaith Initiative
507432959303633,Spring Break in Qatar
507080856005510,WOOSHACK EXEC SUCKAHH
507051479341781,MGC Community
506491612731101,NU students doing JR in NYC-Winter Qtr-'13
506328619414067,Game of Brones Sundays
506250119421917,Master of Public Policy and Administration
504846982895564,Transportation
504156562964606,Merged Tribe
503593833020879,NU Non-Profit Forum
503132099733719,Outcomes
503090329737896,The Lounge
502792309767698,Lost & Found
502200413160221,Chinatown Clinic
501911419855787,ISA World Cup 2013: Team Spain
501479879898941,FACE AIDS Exec!
500260713354191,Boobwinestern
500109446702651,EECS
499760640070865,DFA Summer Studio 2013
499645483415714,"놀웨 1,2학년 농구"
499310233449239,ASBPR
498849633495299,KEMPER 2012-2013
498831626830433,IMC 300
498345066879089,LA Fitness Workout Buddies
498290570217872,CSD Advising
497997996913796,Phi Sigma Pi Zeta Omicron Gamma Class
497609090286020,Superbowl Extravaganza!
497126453667617,Masters in Medical Informatics
496806077032988,Clarence Waldron's 201 Lab Group
496767263703536,Northwestern 2012 in DC
496728533707409,Weissman Discussion Group
496708033709459,NU does ULTRA
496478430399086,Engelhart Hall Community
496443593735903,CKNU Leadership Team!
496410073739255,Second Activities Fair 2013
496318340415095,SWUTs
492661757447420,Da Econ Crew
492401400806789,Phi Delta Epsilon Illinois Gamma
492354524144810,Best Pledge Fam
491711500875779,Tuba Quartet
490705000976429,NU NY 2013
489710797742516,Cookies and Musical Parodies Appreciation Society (C.A.M.P.A.S.)
489343964445866,Tannenbaum Chabad House at Northwestern
489287147784881,NU Davis UWC Scholars
487434377970158,Northwestern Shinny
486526688060927,A/AASA Student Group Events
486324174747845,182 CASPiE Winter13 D-2
486323811414548,Technology of Energy
486199484760314,"Club Hockey, Pike"
486198778093718,DTC Section 8 Team 2
486099614770301,Intramural dream team
486023721444557,Don't Toews Me Bro! IM Floor Hockey 2013
485818184798444,Taxation
485752511471678,DU Associate Members 2013
485721401474789,music is life
485552861491643,Creative Writing
485290221517907,EMP92
485134911533438,THE Official NU Puerta Vallarta Villa Krew
485094071537522,DTC Group
485079471538982,Molecular Genetics
484668771580052,NU Aural Skills Group Meetings
484512538262342,Mat Sci 315 Project Group
483891664991096,Consumerism Psychology
483764161670513,DTC W2013 S7T2
483674708346125,South Africa 2013
483361078377488,KALABAW aka team domination
482872758426320,Design 298/398
482778795102383,Kiesling W2013 Econ 202 Class
482631375117125,Periodismo
482187278494868,"Class of 1,998"
480990055281257,MSPA
480648848648711,ASBest Group Ever: Gettin' in the Arizoneee
478865725493690,"Class of 2,017"
477966068916989,Cello Performance
477706582276271,Northwestern Interns -Bay Area/ Silicon Valley
477213002325629,Music
476974492349480,CSD
476834475696815,NU 2012 JASS
476497575730505,"Class of 2,005"
476497552397174,Communications Residential College
475296355850627,Information Systems
474811815899081,Medill Class of 2017
472588976121365,"Class of 2,001"
472333352813594,OLD TOWN
471694389544157,Wildsiders at Gator Bowl!
469959199717676,"Class of 2,012"
469682499745346,AEPi/Chi O Dance Marathon 2012
469463769767219,Sustainability
468713823175547,1835 Hinman
468355939878002,ASB Budapest 2013
468012796578983,MSIS
467455093301420,Project Slivka Get Big
467393499974246,Entrepreneurs of Northwestern
467056553341274,민형 전욱 ㅅㅍㅅㅍ
466758330037763,Mee-ow Production Team 2013!
466695330044063,NU History Society
466575820056014,"Nicaragua, NUCHR 2013"
466232620090334,Feminism Discussion (RAEVIN)
465862986793964,A Soldier's Tale
465470593499870,North by Northwestern Winter 2013 Magazine
464683683578561,NU Oenophiles
463909860322610,Habitat goes to the UP!! :)))
463575753689354,Freshman Musicale
463304583716471,Project Management
462253357154927,NU Eco-Reps 12-13
461465127233750,B.C.E.
461052077275055,멘붕노우모어
461041200609476,Pick-up Soccer
460306580682938,Northwestern Global Architecture Brigades
460072894039640,MUSAC
459735634073366,NU Lakeview!
459547320758864,Northwestern Club of Shanghai
459523567427906,A/AA FAB
459216147458648,Smile Senate
459195454127384,Elder Dance Marathon Team
458414647538798,AAIV Class of 2016
458396917540571,NU Worship-Club
458097357570527,Tax Law
457582204288709,PARC KICK ASS DM TEAM
457333550980241,NUMUN OAS
456394767740786,"Feinberg Class of 2016 ""for all things outside the curriculum"""
456392031074393,"""Into the Deep End"" - Jazz"
455810791132517,ASG PR
455789414467988,Inspire Productions 12-13'
455274417852821,NUMUN
454984321215164,Communication Studies Advising
454958501217746,Class of 1997
454957617884501,Delta Upsilon
454716677908595,Project RISHI Northwestern Chapter
453851191328477,DM Technology Resources 2013
453576388022624,Students@Sheil
453381111375485,ASG Senators 2012-13
452633604783569,Swabs 4 Life
452350961478500,Mariachi Northwestern
451960574850872,Wed/Fri Group II
451522868227976,NCBI 2012!
451174224929507,GEL Fall 2012 Wednesday Class
450780194968910,Delta Zeta Derby Days Team!
450604471653149,Bobb Hall Gov
450603564986573,NU Soul4Real Acapella
450190001694596,NU Puerto Vallarta Spring Break 2013
450142215032708,Spanish Project
449765878403675,1st Floor CCI
448584858521777,NUCHR Logistics '12-'13
448569751856621,NU AKPsi Fall 2012 Pledge Class
448480188532244,ISA Cultural '12 - '13
448021101911486,Allison Hall 3rd Floor 2012-13
447785165268413,MATH 290 GROUP
447749515271978,WITHOUT  A DOUBT THE COOLEST CATS EVER
447392318641031,Settlers of Catan Club
447324445314485,NU Lambda Pi Eta 2012-2013
446987025348227,ZTA Bio 216!
446550742058522,Spanish 125 project group
446412885405641,Soul4Real Acapella
446167462096850,Phoenix LIFE Group
446110062102590,Syntax Club
445906222122974,Kappa Delta Delta Chi Dance Marathon Team
445772482136348,Community Connections Project
445672128813050,NU Veg Exec
445533545493575,Carpe Diem
445513335495596,NUMT 1985 Chicago Bears
445154255531504,Nortwestern Novice Womens Rowing
445137232199873,SGC SQUAD
444999845546945,FICTION ADDICTION
444800808900182,Carpe Diem Planning
444001285646801,Class of 2010
443946362318960,Willard
443932928986970,Dean's Scholars - Class of 2016
443838662329730,NU Veg Society
443612002352396,NU Percussion 2012-13
443373242376272,Northwestern SWE
443245535722376,Chemistry 171 Schatz
443011192412477,McCormick Math Suicide... ES_APPM 252
442660532447543,The Gentlemen
442469675799962,BIP 260 YUM! Project
442174735829456,Comedy Forum
442129569167306,Bus_Ins 394 Fall 2012
441912299189033,Do You Believe?
441748732538723,Shepard
441596535887276,Movie nights for Intro to Shakes
441486785898251,DTC Team Awesome
441405302573066,NU Thizzical Therapy 2015 (Soccer Team)
441077412605855,Elder Ultimate Frisbee
440426892670907,'Bow Skwad
440397326007197,Shepard textbooks
440308066016123,Lindgren House 2012-2013
439615186085411,NU Dolphin Show Alumni
439337602779836,North Mid Quad 2012-2013
438814442832152,FreshmenFest2012
438763349503928,Organic Chemistry 210
438621359518127,Fantasy Football Shit Talking Group
437650576281872,"Class of 2,014"
437496992963897,SESP PAs [the coolest kidz on campus]
437364689643794,Northwestern Fantasy Basketball
436149913098605,WIKI -E. Garfield Park
435593863154210,Chamber Music at NU!
435559146491015,S.A.W.
435559093157687,S.A.W.
435391443174452,NU Rappers and those who'd like to work with rappers
434081799972083,2014 年入学
434051636641766,Class of 2016
434007579979505,Soccer
433472126699717,"Ready, Set, Go: Science Communication Workshops"
433339536712976,Class of 2013
433014173412179,Northwestern University Feinberg Class of 2016 Academics/Study/Life Saver
432777340102529,Kaplan Scholars 2012-13
432311070149156,Men's Rugby
432261873487409,ASB TreePittsburgh 2012-
430409193672677,Chabad Birthright Winter 2012
430307663682830,NBN Sports
429915493722047,NU Class of 2016 Redditors
429549197092010,The Philanthropists [HR]
429435190436744,Jesse's PA Group 2012
429232673790329,Concerts
429204780459785,Kiesling's F2012 Freshman Seminar & Advising
428829667163963,Northwestern Club Field Hockey Team 2012-2013
428316223881974,The Sweet Suite!
427885853925011,GHT South Africa!!
427869787259951,BEST PA GROUP EVER.
427850970595166,Northwestern Barbell Society
427400320640231,The Fam
427328783980718,PA Group!
427292823984314,Exercise Group 2012-2013!
426455817401348,Freshman Seminar: How to Become an Expert in Roughly 10 Weeks
426196700760593,The Legit PA group
426142070766056,Class of 2008
426141397432790,Class of 2009
425764997470430,Witte's 2012 Freshman Seminar
425533857493544,Dream Ticket
425311334182463,Ryan Scholars
424559730924290,the loveliest PA group ever
424546130925650,Maria's Peer Adviser Group!
424330260947237,Elizabeth's PA Group 2012-2013
424247917622138,Best PA Group: The Politics of International Law
424237324289864,CATalyst 2012!
424036827643247,Northwestern League of Legends Group
423832904330306,badminton
423829487663981,WORLDS BEST PA GROUP 2012!!!!
423468581033405,Shawnee's PA Group 2016
423153881064875,Art & Design for Funsies
422650454448551,Class of 2017
422426631137600,Rogers House 2016
422201707826759,1835 Hinman 2012-13
421999357846994,Basketball
421965061183757,West Fairchild
421945067852423,Bobb Hall 2016
421944654519131,Bobb-McCulloch 2012-2013
421922967854633,Water Catz!! Freshie Sophomore FB Group MUAH!
421882911191972,Allison Hall 2012-2013
421882367858693,Elder 2016
421566037890326,Jones Residential College 2012-2013
421434274570169,PWild 2012 :)
420437151336548,Sanjana's new posse
419754324738164,Vocal Performance/Economics
418468644866732,Classical Guitar
418096068237323,No Strangers To Fiction (NSTF)
418077574905839,WW LOVE- Part of the PA Family
418008408246089,Allison Hall Triple
417767181603545,Vocal Performance/Engineering
417698311610432,Northwestern Swim Club
417050191675244,NU bioscientist 2016
416723005041296,Bienen Babiez
416585405055056,NU Clevelanders of 2016
416571181723145,DAT PA GROUP
416439265069670,FUP 2012
416346048412325,Three's Company: NU's Greatest PA Group
415719291808334,Chris's PA Group!
415478281832435,Sam's PA Group
415302081850055,The Copenhagen Kids
414955375218059,Mathmatical Methods in the Social Sciences (MMSS)
413748492005414,Northwestern Federal Reserve Challenge
411834885530108,Friends in Evanston this summer
410764232303840,Ice Hockey
410764138970516,"Economics, Psychology"
410540705659526,NU2016 Ohio Meet-Up
409744065739190,Northwestern Political Union
407370042643259,McSA Class of 2016 & Transfers! :D
407325565981040,Apartment Awesomesauce
406854459361484,Wireless sensor network
406163772763886,Bienen Class of 2016!!
405761702804093,Indian Graduate Students and Scholars Association
403195859727344,Central Politburo Standing Committee of the Corruption Party of Goodrich
403035709743359,Fedora: The ElectroSwing Project
402552296458367,Evanston Summer 2012
402459329800997,Class of 2017
402198599827070,SAW 2012
399699450076985,Logic
399454433434820,Northwestern University Transfers 2012-2013
399003913479872,RAGE FRIENDSHIP
398564186857178,MBA
398428203537443,Varsity Swim Team
398318086881788,Predictive analytics
398010473579216,Shepard Residential College 2012-2013
397789226934674,DZs in NYC - Summer 2012!
397658836947713,Chi O NYC Summer '12
396690357044561,IS Honors Seminar
395805047133092,Summer '12!
395594527154144,IV Arts Fellowship
395498833830380,NU Slacklining
394146417298955,The Velvet Rope Book Club
394127630634167,Summer Chillin 2012
394084303971833,Northwestern '12 in NYC
392524200794510,Chapin Res College 2012-2013
392307174149546,International Student Orientation 2012
390428684337395,DZs in Chicagoland area - summer 2012 !
388236261223304,FELP 2012
388179241229006,SAI Summertime
387734477940149,Predictive Analytics
387688304611433,The Insight Group Exec Board
387687634611500,The Greek Emerged Leaders
386851614695102,Northwestern University Interdepartmental Neuroscience Program
383983114981952,Public Policy
383971638316433,Students For Stuff
383635075016756,DSP Fall 2012 Recruitment
383611771685753,Share surveys for classes/student groups
383059265074337,EnvEUS
381069608606636,Northwestern Students for Education Reform
380380045342259,Engineering Sciences and Applied Mathematics
379250085455255,Brady Scholars 2015
379192745460989,SHAPE [Internal]
379059795474284,Flute Performance
378802195500044,Pi Phi Summer in Evanston 2012!
378711475509116,Teach Me How to Douglass 2015
378612155519048,GAILFORCE 2015
377248112322119,Northwestern Students for Liberty
376857842361146,Melodia
376162132430717,"Economics, Psychology, Music Composition"
375691289144468,4410 Supply chain
375378935842370,Class of 1999
374767892570141,ESW
374752622571668,Class of 2005
374412875938976,NU WiC
373404462706484,Japanese
372684369445160,Quidditch: Hoop and Field building team
372178082829122,SESP Honors 2012-13
371648782882052,NU Dancers - Poppin
371431959570401,Undertones
370572406323023,Slivka Bio 215 Study Group
369411009772496,NCE
368011376579126,Foster House
367996856580578,Kaibigan
367959306584333,NU NAHJ
367923266587937,The Flipside
367920209921576,MOC & WOC
367815963265334,Turkish Student Association
367783903268540,Women's Varsity Volleball
367586916621572,Percussion Performance
367578536622410,NROTC
367315199982077,Alpha Kappa Psi
367209969992600,BME
366805260033071,Philanthropy Chairs 12-13
366692426711021,CogSci 211 Study Group
365953146784949,Project Wildcat
365283066851957,The Daily Northwestern
365235590190038,Classics
365214666858797,Beatbox and Vocal Percussion Norris Mini Course
365208613526069,1508
365198816860382,Nietzsche Kafka/NUSO
364890066891257,THUNK a cappella
364881846892079,CISA
364855650228032,ges
364698150243782,Marketing 390
364697893577141,Organizational Behavior
364630276917236,584 Lincoln
364621980251399,park evanston
364569520256645,IVCF: Intervarsity Christian Fellowship @ NU
364555320258065,Wrestling
364514213595509,Mechanical Engineering and Economics
364495336930730,Northwestern Triathlon Club
364472946932969,"Biology, Economics"
364302946949969,Kemper Hall
364289553617975,Interfaith Hall
364274093619521,French
364271110286486,Promotion 2015
364237430289854,"Economics, Political Science"
364167023630228,Alison hall
364126296967634,SMQ
364080086972255,Class of 2013
364078710305726,Goodrich
364032663643664,Phi Iota Tau
364022770311320,Communications
364008743646056,NU Soccer Squad
363997403647190,Class of 2009
363986770314920,Theta Chi
363960736984190,Inspire Media
363922536988010,bobb
363914263655504,Ultimate Frisbee
363830470330550,Eating
363794607000803,NU Heights
363769537003310,Doctor of Physical Therapy
363754200338177,Extreme Measures
363747660338831,Varsity Field Hockey
363718410341756,RUF
363713903675540,Project on Child Development
363475943699336,MSAB
363457153701215,Delta Tau Delta
363424763704454,Autism Speaks U
363408680372729,Bdaminton
363394890374108,Photojournalism
363381927042071,Campus Kitchens at Northwestern University
363376427042621,none
363375457042718,Communic
363370383709892,RCB Academic and Alumni Affairs
363369670376630,IEMS - 202
363346013712329,Astronomy 331
363341350379462,UCM
363321150381482,Chicago Field Studies
363310293715901,Undergraduate Research
363300903716840,Pre-Medicine
363300030383594,journalism 301
363252353721695,UNITY
363251210388476,Math 234
363207207059543,NU BioScientist Program
363201987060065,jumpstart
363144810399116,History of the Holocaust
363134960400101,Squash
363131563733774,GREEN House
363085653738365,School year 2014
363027257077538,Hillel
363018130411784,EECS 311
363008983746032,Running
362987187081545,The Panini Players
362958933751037,"Radio, Television, and Film an"
362955793751351,Project SOAR
362914920422105,SPUSA
362911353755795,Club Lacrosse
362907170422880,WNUR
362905357089728,S Club 7
362875823759348,The Insight Group
362873203759610,Engineering
362856173761313,Reformed University Fellowship
362836260429971,Club Gymnastics
362808283766102,Dance Marathon
362797560433841,Single
362764403770490,Phi Kappa Psi Fraternity
362763503770580,Evans Scholars
362757153771215,Latino Studies
362747023772228,Political Science
362735987106665,Asterik
362727423774188,Design For America
362726950440902,Crew
362717947108469,Religious Studies
362716893775241,Club Track and Field
362709120442685,Social Policy
362696450443952,Introduction to Judaism
362686610444936,PARC
362680843778846,Northwestern Speech Team
362672507113013,International Studies
362654483781482,Globalization
362613063785624,Pi Beta Phi
362612040452393,Applied Mathematics
362607020452895,NU AAIV: Asian American Intervarsity
362582280455369,Human Development and Psychological Services
362577420455855,Arts Alliance
362573520456245,Music Technology
362569763789954,Ridge and Noyes
362565240457073,Sigma Chi Omega Chapter
362527337127530,English in Creative Writing
362512747128989,The Blue Whale
362415930472004,Prosthetics
362203643826566,NU Solar Car Team
362203510493246,The Estate
362033647176899,Spanish
361942997185964,Men's Club Volleyball 2013
361845937195670,Musicologia
361744357205828,Sherman Ave
361501973896733,A&O Productions
361368553910075,Northwestern Student Holdings
360687607311503,Lovers & Madmen
360650510648546,Soccer
360433507336913,LOC
360429420670655,Ski Team
360004157379848,MPM
360003884046542,Engelhart
360000410713556,"ISP, Physics, Mathematics"
359985524048378,AIESEC
359940140719583,Northwestern APAC Community
359930707387193,Kayleen and Billy!
359929734053957,US Gay and Lesbian History
359786914068239,The Slam Society
359774204069510,Tennis
359737684073162,Creative Arts & Technology Studio (CATS)
359715674075363,Boomshaka
359715030742094,McCulloch Hall
359708770742720,Club Baseball
359673140746283,212
359672394079691,Slut Hall
359609817419282,akpsi
359453560768241,Sociology 302
359438080769789,Lindgren
359406114106319,Northwestern Football
359405750773022,2105
359395334107397,"Sigma Psi Zeta Sorority, Inc."
359366304110300,Biochemistry and Psychology
359313800782217,History of Economic Thought
359237110789886,Wrestlepocalypse
359222020791395,Violin Performance
359216280791969,Theater
359194160794181,Panhellenic Association (PHA)
359180377462226,Asian Languages and Civilizations
359168440796753,Philosophy
359167747463489,Manufacturing and Design Engineering
359150820798515,One Book One Northwestern
359149717465292,Sigma Alpha Iota
359142437466020,Global Medical Brigades
359126264134304,Drumline
359111920802405,ReFresH Dance Crew
359087574138173,Performance Studies
359081327472131,Anthropology
359079957472268,Peer Health Exchange
359077350805862,Environmental Policy & Culture
359072947472969,Communication Sciences and Disorders
359063457473918,Class of 2016
359058677474396,A Cappella
359058577474406,Music Composition
359057170807880,NMQ
359049460808651,swimming
359049217475342,Lingren Hall
359047164142214,cycling
359044664142464,euphonium performance
359039170809680,HDPS
359032307477033,Alpha Phi
359030950810502,Project ShoutOUT
359023960811201,Journalism 211
359023077477956,1856 Orrington
359016827478581,Golf
359009917479272,Delta Gamma
359007307479533,Plex
358998490813748,Lacrosse
358991824147748,Orgo
358990560814541,Masters in Biotechnology Program Class of 2014
358986734148257,Seabury
358985097481754,Northwestern News Network
358976167482647,Supplies for Dreams
358967977483466,Vertigo Productions
358944904152440,Alpha Chi Omega
358929907487273,ISBE
358903377489926,Cognitive Science
358890280824569,haven't decided
358825560831041,Poker
358821854164745,MENU
358820660831531,Taekwondo
358820447498219,Biology
358818237498440,The Ridge
358816514165279,Algebraic Topology
358809784165952,Philosophy
358804684166462,Bienen School of Music
358801190833478,KASA
358796567500607,NUSAF
358796454167285,Sound Design Ad Hoc
358792804167650,Music Education
358792610834336,"ISP, Biology, Chemistry"
358790170834580,F&F Marketing
358784564168474,Northwestern Debate Society
358784134168517,Harmony in Spirit
358783590835238,Off Campus
358782790835318,Muslim Cultural Students Association
358780540835543,ISP
358780190835578,North by Northwestern
358779360835661,Earth and Planetary Sciences
358776494169281,Society of Physics Students
358776020835995,Harp Performance
358774860836111,Anime Club
358773697502894,Foster Walker
358772894169641,TASC
358772734169657,SHAPE
358772520836345,Allison Hall
358771457503118,Rotaract Club
358771214169809,EECS 311
358769724169958,Phi Mu Alpha
358768797503384,Society of Women Engineers
358768694170061,Kappa Kappa Gamma
358765547503709,Fencing
358764434170487,Mechanical Engineering
358763230837274,PASA
358761004170830,NNN SportsNight
358760194170911,Modern III
358759210837676,Civil Engineering
358759017504362,Water Polo
358758120837785,[AMASE] Academy of Music and Art for Special Education
358757124171218,NCDC
358756524171278,Oboe Performance
358755787504685,Learning and Organizational Change
358754680838129,Materials Science and Engineering
358753104171620,ASG
358750427505221,RTVF
358747340838863,MMSS
358747277505536,Kappa Delta
358746837505580,Linguistics
358745494172381,Physics
358744687505795,Residential College of Cultural and Community Studies (CCS)
358743207505943,Kappa Alpha Theta
358742080839389,Secondary Education
358741840839413,Ayers CCI
358740457506218,Women's Rugby
358739847506279,CSA
358739587506305,CRC
358736304173300,Lambda Chi Alpha
358736147506649,American Studies
358734930840104,Hobart House
358732140840383,Boxing Club
358728617507402,Treblemakers @ NU
358727957507468,Class of 2010
358727427507521,Biomedical Engineering
358726504174280,Sociology
358725527507711,Political Science
358722030841394,Class of 2011
358721727508091,Japan Club
358721437508120,Chemical Engineering
358721427508121,Young Life
358720080841589,kemper
358716704175260,Class of 2004
358716430841954,Sports Administration
358716220841975,Sargent Hall
358713257508938,Biotechnology
358710647509199,Art History
358709980842599,Art Theory and Practice
358709957509268,Computer Science
358701477510116,Environmental Science
358700527510211,Industrial Engineering
358698277510436,ISRC
358698124177118,Chi Omega
358698087510455,Electrical Engineering
358695940844003,Marching Band
358695270844070,Northwestern Wildside
358694300844167,Statistics
358690254177905,Science in Human Culture
358689517511312,Delta Zeta
358689357511328,Biological Sciences
358689027511361,English Literature
358688960844701,Chapin Hall
358687627511501,Club Sailing
358685724178358,"Radio, Television, and Film"
358684807511783,Environmental Engineering
358684717511792,Voice and Opera Performance
358684370845160,Homecoming
358683567511907,Rogers House
358683180845279,Rainbow Alliance
358682844178646,South Mid Quads
358682424178688,English
358679784178952,Mathematics
358677060845891,Undecided
358673184179612,Comparative Literary Studies
358672464179684,Jazz Studies
358671940846403,Kappa Kappa Gramma
358667504180180,Slivka Hall
358666124180318,Class of 2016
358663300847267,Theatre
358657877514476,Communication Studies
358656374181293,1835 Hinman
358654864181444,Social Policy
358649810848616,IEEE-NU
358649097515354,Computer Engineering
358644684182462,Shepard Residential College
358643174182613,Delta Chi
358642880849309,Bobb Hall
358640307516233,Economics
358637180849879,Chemistry
358632470850350,Northwestern University Class of 2013
358627424184188,Northwestern Equestrian Team
358623297517934,Willard Residential College
358614064185524,Women's Club Volleyball
358613557518908,Class of 2015
358613414185589,Jones Fine and Performing Arts Residential College
358537834193147,Journalism
358510697529194,Medill IMC
358481424198788,Psychology
358481114198819,Northwestern University Class of 2014
358455037534760,Northwestern Class of 2012
358446257535638,Class of 2009
358441807536083,Elder Hall
358428504204080,Triathalon
357858834261047,Free & For Sale
357858827594381,Housing
357858817594382,Events & Parties
357858807594383,Jobs & Internships
357858800927717,Textbook Exchange
357858790927718,Campus Tips
